period,total_ppt
12 hours,0.0
24 hours,0.1032
48 hours,0.26940000000000003
72 hours,0.26940000000000003
7 days,0.26940000000000003
